{
    "users": [
      {
        "id": 1,
        "username": "duncan",
        "country": "australia",
        "password": "123"
      },
      {
        "id": 2,
        "username": "sarah",
        "country": "england",
        "password": "123"
      },
      {
        "id": 3,
        "username": "admin",
        "country": "usa",
        "password": "123"
      },
      {
        "username": "test2",
        "password": "123",
        "id": 4
      }
    ],
    "profiles": [
      {
        "id": 1,
        "userId": 1,
        "job": "Plumber"
      },
      {
        "id": 2,
        "userId": 2,
        "job": "developer"
      },
      {
        "id": 3,
        "userId": 3,
        "job": "Manager"
      }
    ],
    "products": [
      {
        "id": 1,
        "name": "Spanner",
        "category": "tools"
      },
      {
        "id": 2,
        "name": "Hammer",
        "category": "tools"
      },
      {
        "id": 3,
        "name": "Screw driver",
        "category": "tools"
      },
      {
        "id": 4,
        "name": "Paint brush",
        "category": "paint"
      },
      {
        "id": 5,
        "name": "Paint roller",
        "category": "paint"
      },
      {
        "id": 6,
        "name": "Paint",
        "category": "paint"
      }
    ]
  }
